{"cameraMode":{"drawMode":0,"name":"Shaded","section":"Shading Mode"},"sceneLighting":false,"audioPlay":false,"sceneViewState":{"m_AlwaysRefresh":true,"showFog":true,"showSkybox":false,"showFlares":true,"showImageEffects":true,"showParticleSystems":true,"showVisualEffectGraphs":true,"m_FxEnabled":true},"in2DMode":false,"pivot":{"x":-0.0026061832904815675,"y":0.06953294575214386,"z":-0.042202770709991458},"rotation":{"x":0.001390609540976584,"y":0.9969236254692078,"z":-0.07822554558515549,"w":0.015802813693881036},"size":0.4897401034832001,"orthographic":false}