{"cameraMode":{"drawMode":0,"name":"Shaded","section":"Shading Mode"},"sceneLighting":false,"audioPlay":false,"sceneViewState":{"m_AlwaysRefresh":true,"showFog":true,"showSkybox":false,"showFlares":true,"showImageEffects":true,"showParticleSystems":true,"showVisualEffectGraphs":true,"m_FxEnabled":true},"in2DMode":false,"pivot":{"x":-48.423316955566409,"y":0.5257278680801392,"z":-189.10720825195313},"rotation":{"x":0.11481347680091858,"y":-0.8248128890991211,"z":0.18135027587413789,"w":0.5231956839561462},"size":0.5813959240913391,"orthographic":false}