{"cameraMode":{"drawMode":0,"name":"Shaded","section":"Shading Mode"},"sceneLighting":true,"audioPlay":false,"sceneViewState":{"m_AlwaysRefresh":true,"showFog":true,"showSkybox":true,"showFlares":true,"showImageEffects":true,"showParticleSystems":true,"showVisualEffectGraphs":true,"m_FxEnabled":true},"in2DMode":false,"pivot":{"x":35.744407653808597,"y":6.210757255554199,"z":-14.254402160644532},"rotation":{"x":0.06162271276116371,"y":-0.6902682781219482,"z":0.05957839637994766,"w":0.7186610102653503},"size":19.67504119873047,"orthographic":false}